Token,Average Volatility (%)
Cardano,0.0748528520126486
Sui,0.0698849705698745
Chainlink,0.0661285593260676
Dogecoin,0.0639873508323705
Polkadot,0.0581972531220357
Ripple,0.0541167250620428
Solana,0.0491321410000975
Litecoin,0.0463061467936551
Ethereum,0.033274383375783
Bitcoin,0.0291010265514031
